n,profit_greedy,profit_backtracking,time_greedy,time_backtracking,memory_greedy_kb,memory_backtracking_kb
5,185,185,7.110001752153039e-05,2.989999484270811e-05,0.4453125,0.5234375
7,240,240,2.0299979951232672e-05,3.3599964808672667e-05,0.4609375,0.5546875
9,346,346,2.5500019546598196e-05,5.23999915458262e-05,0.4765625,0.76171875
11,447,447,2.759997732937336e-05,0.00011299998732283711,0.4921875,0.92578125
13,581,581,3.320001997053623e-05,0.00019679998513311148,0.5078125,1.12109375
15,704,704,3.679998917505145e-05,0.0002626000205054879,0.5234375,1.29296875
17,867,867,4.190002800896764e-05,0.0001297999988310039,0.5625,1.64453125
19,817,817,5.570001667365432e-05,0.000646800035610795,0.609375,1.83203125
