n,profit_greedy,profit_backtracking,time_greedy,time_backtracking,memory_greedy_kb,memory_backtracking_kb
5,102,185,0.0023498000227846205,5.4100004490464926e-05,0.4453125,0.5234375
10,266,373,3.3100019209086895e-05,6.67999847792089e-05,0.4765625,0.77734375
15,597,704,3.6999990697950125e-05,0.00026790000265464187,0.5234375,1.29296875
20,671,770,4.829996032640338e-05,0.0002699000178836286,0.625,1.94921875
25,1108,1144,7.14000198058784e-05,6.279995432123542e-05,0.75,0.75
30,1317,1369,7.139996159821749e-05,7.350003579631448e-05,0.859375,0.859375
